Frontier,,Return,Risk,Weights,Sharpe
ESG <= 85,0,-0.05562241604968826,0.05888298189633655,"[6.82125196e-17 0.00000000e+00 9.27009001e-17 3.34897033e-16
 6.23713531e-16 0.00000000e+00 0.00000000e+00 1.37995595e-17
 0.00000000e+00 4.98164388e-16 0.00000000e+00 0.00000000e+00
 0.00000000e+00 3.57816201e-16 4.00499846e-17 9.54122937e-02
 3.82707854e-16 0.00000000e+00 0.00000000e+00 0.00000000e+00
 5.37040843e-16 0.00000000e+00 0.00000000e+00 1.58001255e-16
 1.70082022e-16 4.70429183e-16 5.78197858e-02 9.33099042e-16
 4.35973364e-16 2.86847391e-02 0.00000000e+00 1.19788805e-16
 0.00000000e+00 0.00000000e+00 0.00000000e+00 2.66553637e-16
 3.17022733e-16 2.11586993e-02 0.00000000e+00 0.00000000e+00
 4.97530501e-16 0.00000000e+00 1.41234348e-16 0.00000000e+00
 1.40279231e-16 0.00000000e+00 0.00000000e+00 0.00000000e+00
 2.82739760e-17 0.00000000e+00 2.00521439e-16 0.00000000e+00
 2.79671224e-16 0.00000000e+00 1.88629072e-16 1.42468735e-16
 3.46136075e-16 0.00000000e+00 0.00000000e+00 0.00000000e+00
 4.92534221e-16 1.97598677e-16 2.67927638e-16 3.75964376e-17
 2.91098551e-16 9.02149175e-16 1.01291255e-16 2.79740389e-16
 4.88519413e-17 0.00000000e+00 0.00000000e+00 8.49249412e-17
 0.00000000e+00 0.00000000e+00 6.25697357e-17 0.00000000e+00
 4.20770675e-16 3.69854982e-16 5.17302284e-16 0.00000000e+00
 4.01857655e-17 0.00000000e+00 0.00000000e+00 0.00000000e+00
 1.68558777e-16 0.00000000e+00 0.00000000e+00 4.75191813e-16
 8.05791664e-17 2.89045833e-16 4.47725060e-16 0.00000000e+00
 3.45506628e-16 0.00000000e+00 9.86539221e-03 0.00000000e+00
 2.09304162e-16 0.00000000e+00 0.00000000e+00 0.00000000e+00
 0.00000000e+00 0.00000000e+00 1.41495452e-16 3.74305061e-16
 0.00000000e+00 1.47989523e-16 0.00000000e+00 0.00000000e+00
 1.64785084e-16 0.00000000e+00 1.30027866e-16 0.00000000e+00
 0.00000000e+00 7.99511817e-02 0.00000000e+00 0.00000000e+00
 0.00000000e+00 0.00000000e+00 0.00000000e+00 1.41613964e-16
 7.42448497e-17 2.94899233e-17 2.17260839e-16 0.00000000e+00
 0.00000000e+00 2.72480394e-16 0.00000000e+00 0.00000000e+00
 0.00000000e+00 6.77746361e-17 0.00000000e+00 1.12629590e-16
 8.84240406e-03 1.10125288e-16 3.52933002e-16 0.00000000e+00
 1.41194094e-17 0.00000000e+00 8.88135098e-16 6.42717863e-17
 0.00000000e+00 0.00000000e+00 0.00000000e+00 0.00000000e+00
 2.60479186e-17 0.00000000e+00 2.22936681e-16 0.00000000e+00
 7.28851720e-17 0.00000000e+00 7.80356394e-17 2.65237345e-16
 0.00000000e+00 0.00000000e+00 8.36140320e-17 0.00000000e+00
 2.62598230e-02 0.00000000e+00 1.02975698e-02 0.00000000e+00
 0.00000000e+00 0.00000000e+00 0.00000000e+00 0.00000000e+00
 2.17263643e-16 0.00000000e+00 2.20143596e-16 0.00000000e+00
 0.00000000e+00 0.00000000e+00 1.10090635e-16 0.00000000e+00
 0.00000000e+00 2.39054979e-16 4.11724917e-16 0.00000000e+00
 0.00000000e+00 3.11977073e-02 1.02253741e-16 3.41572564e-17
 0.00000000e+00 6.64784897e-17 1.85907815e-16 2.86193679e-16
 1.03794523e-15 1.11330565e-15 0.00000000e+00 0.00000000e+00
 1.80317090e-17 0.00000000e+00 9.43261837e-16 5.26122462e-16
 4.55092991e-16 7.02512018e-17 3.75056246e-16 0.00000000e+00
 0.00000000e+00 0.00000000e+00 9.99029116e-17 2.52636036e-16
 2.53825394e-16 2.00538741e-16 0.00000000e+00 0.00000000e+00
 9.61002258e-17 0.00000000e+00 0.00000000e+00 0.00000000e+00
 1.61205640e-16 0.00000000e+00 1.09617967e-16 1.58809275e-16
 1.10126120e-16 6.15732513e-17 1.17829889e-16 0.00000000e+00
 0.00000000e+00 0.00000000e+00 0.00000000e+00 0.00000000e+00
 0.00000000e+00 1.83931580e-02 1.64617799e-16 0.00000000e+00
 0.00000000e+00 0.00000000e+00 0.00000000e+00 0.00000000e+00
 0.00000000e+00 2.32864797e-16 1.79876979e-17 0.00000000e+00
 4.23541542e-16 0.00000000e+00 5.94356549e-17 0.00000000e+00
 2.53156064e-16 0.00000000e+00 2.66785131e-18 0.00000000e+00
 0.00000000e+00 0.00000000e+00 1.40528562e-16 5.54564009e-17
 1.85623757e-16 0.00000000e+00 3.14576408e-16 1.07321108e-16
 0.00000000e+00 0.00000000e+00 6.17788085e-17 0.00000000e+00
 5.67241801e-02 9.71229820e-17 0.00000000e+00 0.00000000e+00
 0.00000000e+00 0.00000000e+00 1.91383143e-16 3.30735873e-16
 0.00000000e+00 0.00000000e+00 1.26425575e-16 1.79994008e-16
 2.46564204e-16 1.86307916e-16 0.00000000e+00 2.26326395e-16
 0.00000000e+00 0.00000000e+00 0.00000000e+00 8.67910540e-17
 1.54407229e-16 0.00000000e+00 0.00000000e+00 0.00000000e+00
 2.47576967e-16 0.00000000e+00 0.00000000e+00 5.92804482e-17
 0.00000000e+00 0.00000000e+00 1.27443045e-16 0.00000000e+00
 9.25043985e-17 5.37440668e-17 1.27453386e-02 0.00000000e+00
 0.00000000e+00 3.98401479e-16 7.43950994e-17 0.00000000e+00
 0.00000000e+00 0.00000000e+00 1.77568222e-16 0.00000000e+00
 0.00000000e+00 0.00000000e+00 8.40576158e-17 3.57761723e-17
 2.06387181e-16 5.87046593e-16 0.00000000e+00 4.99317513e-16
 9.86053900e-17 2.36732197e-16 8.25891823e-16 0.00000000e+00
 7.11243790e-17 0.00000000e+00 7.49763026e-17 0.00000000e+00
 0.00000000e+00 0.00000000e+00 0.00000000e+00 0.00000000e+00
 0.00000000e+00 1.56240446e-16 8.82102540e-17 2.15187616e-17
 1.64992570e-17 0.00000000e+00 1.54470820e-16 0.00000000e+00
 9.27321229e-17 1.29705401e-16 2.19747496e-17 5.92765067e-02
 0.00000000e+00 1.19797360e-01 1.90508601e-16 3.29398488e-17
 1.42553522e-16 1.63482993e-16 8.50575206e-17 0.00000000e+00
 6.47922503e-16 0.00000000e+00 2.93047601e-17 0.00000000e+00
 6.12712593e-17 4.95189229e-17 1.95640694e-17 0.00000000e+00
 0.00000000e+00 0.00000000e+00 0.00000000e+00 0.00000000e+00
 0.00000000e+00 1.25095921e-17 0.00000000e+00 1.02735034e-16
 3.15989340e-16 6.71009066e-17 0.00000000e+00 2.86085870e-16
 0.00000000e+00 1.84453789e-17 0.00000000e+00 1.00153005e-16
 0.00000000e+00 1.36074758e-16 0.00000000e+00 0.00000000e+00
 0.00000000e+00 2.47297373e-17 1.82686541e-16 0.00000000e+00
 8.07408881e-17 0.00000000e+00 0.00000000e+00 6.71890016e-17
 7.41025736e-16 0.00000000e+00 5.06842963e-17 3.59562410e-16
 0.00000000e+00 8.74250952e-17 0.00000000e+00 0.00000000e+00
 2.54046163e-16 0.00000000e+00 0.00000000e+00 0.00000000e+00
 7.07844910e-17 1.46561262e-16 2.62918949e-02 2.16943321e-16
 0.00000000e+00 1.84022873e-16 0.00000000e+00 1.43392330e-16
 1.28972186e-03 2.80777584e-16 0.00000000e+00 1.93404428e-16
 1.59676161e-17 0.00000000e+00 3.35504121e-17 6.02990355e-18
 0.00000000e+00 0.00000000e+00 2.40070100e-17 0.00000000e+00
 2.94243648e-17 0.00000000e+00 1.13734541e-16 2.72132913e-17
 0.00000000e+00 0.00000000e+00 3.47519521e-17 1.94316487e-17
 6.84062150e-17 5.60501668e-17 0.00000000e+00 0.00000000e+00
 1.24489149e-16 2.76353410e-17 4.45999647e-16 0.00000000e+00
 1.74221189e-16 1.74774352e-17 0.00000000e+00 1.05789614e-15
 0.00000000e+00 0.00000000e+00 6.92911083e-16 0.00000000e+00
 5.26901363e-17 9.08505489e-18 1.59790556e-16 1.80555296e-16
 0.00000000e+00 1.91622482e-17 3.52320198e-16 0.00000000e+00
 4.56329172e-17 7.39079847e-17 1.04998956e-16 0.00000000e+00
 0.00000000e+00 0.00000000e+00 0.00000000e+00 1.83765652e-02
 0.00000000e+00 1.23120945e-02 0.00000000e+00 1.48957224e-17
 8.30857854e-17 7.64825805e-17 0.00000000e+00 0.00000000e+00
 0.00000000e+00 1.83662060e-16 0.00000000e+00 7.88005092e-17
 0.00000000e+00 0.00000000e+00 0.00000000e+00 0.00000000e+00
 0.00000000e+00 6.27012639e-17 4.39382157e-02 0.00000000e+00
 0.00000000e+00 0.00000000e+00 6.06331240e-17 1.61946220e-16
 0.00000000e+00 0.00000000e+00 8.13759486e-17 0.00000000e+00
 1.96622441e-01 0.00000000e+00 0.00000000e+00 3.62787741e-17
 0.00000000e+00 3.82959680e-17 0.00000000e+00 3.36962272e-16
 2.29694334e-16 7.92654056e-17 1.48357731e-16 1.40214021e-16
 1.77555376e-16 1.20485543e-16 5.59744655e-17 6.47429279e-02
 0.00000000e+00 0.00000000e+00 0.00000000e+00 8.12729791e-17
 0.00000000e+00]",-1.3437229824566836
ESG <= 85,1,0.1824022972627175,0.035373401489622196,"[1.90754434e-17 0.00000000e+00 1.81901169e-16 2.92827809e-16
 0.00000000e+00 0.00000000e+00 0.00000000e+00 2.91142378e-16
 2.38487843e-16 7.37744490e-17 0.00000000e+00 3.12842211e-16
 2.15342905e-16 4.28715314e-16 1.96158623e-16 0.00000000e+00
 3.48033562e-16 0.00000000e+00 0.00000000e+00 4.01635268e-17
 0.00000000e+00 4.82950766e-17 2.57458898e-16 0.00000000e+00
 0.00000000e+00 0.00000000e+00 1.10096431e-16 8.33803773e-19
 8.39330065e-17 2.26071005e-16 2.79567299e-16 1.84059524e-02
 0.00000000e+00 0.00000000e+00 3.12619907e-17 0.00000000e+00
 5.29086840e-16 5.78617552e-17 1.83979448e-16 7.40410624e-17
 2.88326416e-16 1.68772340e-16 0.00000000e+00 5.88197799e-02
 0.00000000e+00 1.42130425e-16 6.90521079e-17 3.83600808e-16
 8.69932613e-17 7.44186582e-17 1.17154081e-16 2.23698074e-16
 1.94631430e-17 0.00000000e+00 3.80044634e-17 0.00000000e+00
 0.00000000e+00 0.00000000e+00 2.27783929e-16 1.38885311e-01
 0.00000000e+00 5.81529278e-17 0.00000000e+00 1.69483341e-17
 4.33514688e-03 0.00000000e+00 0.00000000e+00 0.00000000e+00
 0.00000000e+00 0.00000000e+00 1.60800417e-16 1.28557731e-16
 4.58802484e-02 0.00000000e+00 1.27650673e-16 2.09919620e-16
 2.02626835e-16 3.00982558e-16 2.11804483e-02 1.82047835e-17
 8.61854434e-17 0.00000000e+00 8.92418805e-17 0.00000000e+00
 0.00000000e+00 1.49463552e-16 0.00000000e+00 7.61936934e-20
 0.00000000e+00 2.54410923e-17 9.64581200e-17 0.00000000e+00
 2.58060748e-16 5.18523326e-17 0.00000000e+00 1.33712329e-02
 1.47774190e-16 0.00000000e+00 0.00000000e+00 0.00000000e+00
 0.00000000e+00 1.85309448e-16 0.00000000e+00 0.00000000e+00
 0.00000000e+00 9.76164396e-17 6.39847255e-03 6.79921009e-18
 1.46491955e-16 0.00000000e+00 2.55785144e-02 1.12882785e-16
 0.00000000e+00 3.08484915e-02 0.00000000e+00 0.00000000e+00
 0.00000000e+00 0.00000000e+00 8.80964620e-17 1.20275441e-16
 0.00000000e+00 0.00000000e+00 9.70912231e-17 2.41235568e-16
 0.00000000e+00 0.00000000e+00 0.00000000e+00 0.00000000e+00
 1.97486587e-16 7.42198447e-18 0.00000000e+00 7.67070704e-17
 2.17605503e-02 0.00000000e+00 0.00000000e+00 1.04209929e-16
 0.00000000e+00 2.50034688e-16 0.00000000e+00 0.00000000e+00
 0.00000000e+00 0.00000000e+00 6.93681067e-17 2.72471022e-16
 0.00000000e+00 0.00000000e+00 4.23613779e-17 0.00000000e+00
 0.00000000e+00 5.87105665e-17 2.10155477e-16 4.42049514e-18
 2.05947222e-16 7.75443867e-17 0.00000000e+00 1.74478312e-16
 8.25125353e-02 4.59551496e-17 8.36604964e-17 0.00000000e+00
 4.50544119e-17 6.71202575e-02 1.33818828e-16 1.88171505e-16
 0.00000000e+00 1.77619451e-16 4.75560424e-17 0.00000000e+00
 0.00000000e+00 0.00000000e+00 5.73983064e-16 0.00000000e+00
 0.00000000e+00 6.44929776e-17 0.00000000e+00 1.06448085e-16
 0.00000000e+00 4.09243332e-02 0.00000000e+00 0.00000000e+00
 0.00000000e+00 0.00000000e+00 2.43476159e-16 0.00000000e+00
 0.00000000e+00 0.00000000e+00 1.00398089e-16 1.44993162e-16
 8.26656990e-03 3.31536808e-18 7.53656259e-18 0.00000000e+00
 0.00000000e+00 9.03739255e-18 2.44195656e-17 0.00000000e+00
 0.00000000e+00 0.00000000e+00 0.00000000e+00 9.13063557e-17
 0.00000000e+00 0.00000000e+00 0.00000000e+00 1.22950170e-16
 0.00000000e+00 2.31035489e-17 0.00000000e+00 0.00000000e+00
 0.00000000e+00 1.34905041e-17 6.49528807e-17 2.01312274e-17
 0.00000000e+00 0.00000000e+00 0.00000000e+00 0.00000000e+00
 5.36176023e-17 0.00000000e+00 2.86445944e-02 0.00000000e+00
 3.92164872e-18 3.27614443e-16 1.52772515e-16 0.00000000e+00
 1.11981813e-16 0.00000000e+00 2.01618628e-16 0.00000000e+00
 1.77269106e-16 0.00000000e+00 2.47741554e-16 0.00000000e+00
 1.19929036e-16 0.00000000e+00 4.45849058e-17 1.32602220e-16
 7.55691408e-17 0.00000000e+00 6.05984515e-17 1.22781708e-16
 1.32981609e-16 0.00000000e+00 0.00000000e+00 0.00000000e+00
 0.00000000e+00 6.71206324e-17 2.21377591e-17 0.00000000e+00
 1.00158851e-16 1.85917951e-17 0.00000000e+00 2.78743519e-16
 6.76173395e-02 3.68544382e-16 6.21549803e-17 0.00000000e+00
 0.00000000e+00 0.00000000e+00 1.26694367e-16 2.16802087e-17
 2.10389217e-17 3.96944415e-17 0.00000000e+00 1.21099707e-17
 2.85978828e-17 0.00000000e+00 3.33916688e-17 2.00366383e-16
 2.93460063e-16 7.85803696e-03 2.51646965e-16 0.00000000e+00
 2.43347320e-16 0.00000000e+00 0.00000000e+00 1.38321210e-16
 0.00000000e+00 0.00000000e+00 1.56914064e-17 0.00000000e+00
 0.00000000e+00 3.32320545e-17 3.67787484e-19 0.00000000e+00
 0.00000000e+00 0.00000000e+00 0.00000000e+00 9.25991769e-17
 1.01539109e-16 2.35580151e-17 8.78656789e-17 4.87196689e-17
 0.00000000e+00 1.96030107e-17 0.00000000e+00 0.00000000e+00
 0.00000000e+00 0.00000000e+00 2.12226264e-16 3.38906115e-17
 0.00000000e+00 0.00000000e+00 0.00000000e+00 2.44048094e-16
 2.28415542e-16 7.19639291e-03 3.43624929e-16 1.96604462e-17
 0.00000000e+00 2.81188448e-02 1.32585005e-17 0.00000000e+00
 0.00000000e+00 0.00000000e+00 0.00000000e+00 4.72905686e-02
 0.00000000e+00 0.00000000e+00 2.65960416e-17 0.00000000e+00
 0.00000000e+00 5.92731514e-17 0.00000000e+00 4.50693684e-17
 0.00000000e+00 0.00000000e+00 6.18198658e-17 5.52285783e-17
 0.00000000e+00 0.00000000e+00 2.58694226e-16 0.00000000e+00
 0.00000000e+00 1.43721476e-16 4.95892142e-17 4.65748586e-17
 0.00000000e+00 2.35877237e-18 3.20466925e-18 1.44818768e-16
 0.00000000e+00 0.00000000e+00 1.84237081e-16 1.49833826e-16
 6.53200055e-17 0.00000000e+00 4.09256160e-17 0.00000000e+00
 0.00000000e+00 2.98257435e-02 4.14787684e-17 1.70925835e-17
 1.13605671e-16 7.09284635e-17 0.00000000e+00 0.00000000e+00
 1.94969481e-02 0.00000000e+00 3.36443681e-18 0.00000000e+00
 0.00000000e+00 1.19755239e-16 6.07793923e-17 3.06161330e-02
 0.00000000e+00 0.00000000e+00 1.63070784e-16 1.22347739e-16
 7.29126650e-17 0.00000000e+00 0.00000000e+00 0.00000000e+00
 0.00000000e+00 0.00000000e+00 1.01927509e-16 0.00000000e+00
 0.00000000e+00 3.71156996e-17 1.70031430e-16 7.36395451e-18
 3.42591903e-17 0.00000000e+00 0.00000000e+00 7.88142624e-18
 0.00000000e+00 1.14194836e-17 7.26131631e-17 7.64484149e-17
 1.35541372e-16 0.00000000e+00 4.80030095e-17 2.19071874e-16
 0.00000000e+00 0.00000000e+00 4.54521575e-17 0.00000000e+00
 0.00000000e+00 1.86367992e-17 0.00000000e+00 1.44422347e-16
 5.23846550e-17 0.00000000e+00 0.00000000e+00 0.00000000e+00
 0.00000000e+00 0.00000000e+00 0.00000000e+00 0.00000000e+00
 0.00000000e+00 0.00000000e+00 4.30050626e-17 8.92882148e-17
 2.37418060e-17 9.39279976e-17 3.45857923e-02 2.39173275e-17
 0.00000000e+00 3.91374205e-17 1.49719752e-16 0.00000000e+00
 0.00000000e+00 2.52397185e-17 1.42038846e-17 9.65449045e-17
 4.97376170e-17 0.00000000e+00 1.52603596e-16 5.26216188e-17
 1.35104324e-16 0.00000000e+00 3.18070662e-17 3.60934467e-17
 1.19570921e-16 1.83588735e-17 0.00000000e+00 1.95815626e-17
 1.12987995e-16 1.01205587e-16 0.00000000e+00 2.68985889e-17
 8.25161873e-17 7.50894948e-17 0.00000000e+00 6.27268363e-17
 6.60239787e-17 6.85740889e-17 8.88906336e-17 2.46624815e-17
 1.86115230e-16 0.00000000e+00 0.00000000e+00 6.38394260e-02
 0.00000000e+00 0.00000000e+00 8.09044232e-17 0.00000000e+00
 0.00000000e+00 0.00000000e+00 0.00000000e+00 0.00000000e+00
 0.00000000e+00 7.57048839e-17 0.00000000e+00 8.52475132e-17
 0.00000000e+00 1.01335610e-16 8.21350587e-17 0.00000000e+00
 0.00000000e+00 0.00000000e+00 0.00000000e+00 8.38671955e-17
 1.22283914e-02 3.46604239e-03 1.61753833e-17 1.99944316e-17
 9.56645289e-17 0.00000000e+00 2.11279662e-16 0.00000000e+00
 6.21918916e-17 4.18408644e-17 0.00000000e+00 7.93872468e-17
 1.43298557e-16 2.20640839e-17 5.33631135e-17 4.09980579e-03
 1.57211703e-16 0.00000000e+00 3.89156110e-17 0.00000000e+00
 3.08280953e-02]",4.492140720742846
ESG <= 85,2,0.4204270105751232,0.08835871785755807,"[0.00000000e+00 5.48194842e-16 9.95139612e-17 0.00000000e+00
 0.00000000e+00 0.00000000e+00 2.58172855e-16 0.00000000e+00
 0.00000000e+00 3.34715896e-16 0.00000000e+00 1.04394383e-15
 5.10910752e-16 3.01789279e-16 4.02695961e-16 5.59339694e-16
 1.10182418e-16 9.23697312e-17 2.20478200e-16 0.00000000e+00
 1.53331978e-16 9.51873242e-17 1.10226364e-16 0.00000000e+00
 2.06071698e-16 2.89839766e-16 1.08548119e-15 1.71141637e-15
 5.52581777e-17 0.00000000e+00 0.00000000e+00 2.29744601e-16
 0.00000000e+00 0.00000000e+00 0.00000000e+00 2.04005685e-16
 2.54671266e-16 1.47691252e-17 3.27375559e-17 0.00000000e+00
 1.15044183e-16 0.00000000e+00 1.67225220e-16 9.12840869e-02
 0.00000000e+00 0.00000000e+00 2.04982038e-16 0.00000000e+00
 5.56769621e-16 0.00000000e+00 2.03675880e-16 0.00000000e+00
 2.75477881e-16 0.00000000e+00 4.44354504e-18 2.59060172e-17
 0.00000000e+00 5.11811463e-18 0.00000000e+00 7.39267613e-02
 0.00000000e+00 0.00000000e+00 2.88766590e-16 1.39120704e-16
 5.64725563e-17 0.00000000e+00 8.36164463e-17 0.00000000e+00
 4.60356909e-17 7.67652338e-19 0.00000000e+00 0.00000000e+00
 0.00000000e+00 0.00000000e+00 3.42248555e-16 0.00000000e+00
 0.00000000e+00 0.00000000e+00 9.47912729e-02 0.00000000e+00
 0.00000000e+00 2.93042265e-02 1.38903360e-16 5.69807355e-17
 6.35041728e-16 0.00000000e+00 0.00000000e+00 4.56299610e-16
 0.00000000e+00 0.00000000e+00 5.39925518e-16 3.32723746e-16
 2.88563851e-16 1.93065429e-16 0.00000000e+00 0.00000000e+00
 0.00000000e+00 0.00000000e+00 0.00000000e+00 1.18647915e-16
 0.00000000e+00 3.83569534e-16 1.92958826e-16 0.00000000e+00
 4.39248015e-02 0.00000000e+00 5.75161914e-17 3.86314073e-16
 0.00000000e+00 0.00000000e+00 0.00000000e+00 3.02620371e-16
 0.00000000e+00 3.46576119e-16 7.02328683e-02 3.56775122e-16
 1.39707398e-16 4.86763499e-16 0.00000000e+00 0.00000000e+00
 0.00000000e+00 1.10918452e-16 0.00000000e+00 1.54116996e-16
 0.00000000e+00 0.00000000e+00 1.94611062e-16 0.00000000e+00
 0.00000000e+00 2.19126018e-16 4.81299826e-16 0.00000000e+00
 0.00000000e+00 1.41492768e-16 5.23276676e-16 1.92483091e-16
 3.26897086e-17 0.00000000e+00 0.00000000e+00 9.08508950e-17
 4.52851006e-16 0.00000000e+00 0.00000000e+00 0.00000000e+00
 0.00000000e+00 8.97613452e-16 1.64754843e-16 2.03749175e-02
 3.38310414e-16 2.57468417e-16 4.92973432e-16 1.43335292e-16
 0.00000000e+00 0.00000000e+00 0.00000000e+00 0.00000000e+00
 0.00000000e+00 7.91383107e-17 0.00000000e+00 1.01631271e-02
 0.00000000e+00 3.52536267e-17 0.00000000e+00 2.56587775e-16
 0.00000000e+00 0.00000000e+00 1.15360230e-16 0.00000000e+00
 1.27474949e-16 0.00000000e+00 0.00000000e+00 9.22216440e-17
 1.62549674e-16 0.00000000e+00 1.76972253e-18 3.37615917e-16
 0.00000000e+00 6.35197410e-16 2.50114890e-16 6.98998234e-18
 0.00000000e+00 2.00241980e-16 1.00690333e-02 1.01741564e-02
 3.12997315e-17 1.62363918e-16 1.51989959e-16 2.57899566e-16
 0.00000000e+00 1.65893202e-16 0.00000000e+00 5.54024727e-17
 2.74841506e-16 0.00000000e+00 0.00000000e+00 5.34122542e-16
 2.51850547e-16 4.21785106e-16 0.00000000e+00 0.00000000e+00
 3.56684302e-16 0.00000000e+00 1.10892749e-17 0.00000000e+00
 0.00000000e+00 0.00000000e+00 0.00000000e+00 0.00000000e+00
 1.00937887e-16 0.00000000e+00 1.47927108e-16 0.00000000e+00
 1.38178859e-16 0.00000000e+00 4.82433412e-17 2.75386111e-16
 0.00000000e+00 0.00000000e+00 2.58144992e-16 0.00000000e+00
 1.91783879e-16 1.97144690e-16 0.00000000e+00 2.15025676e-16
 1.05273329e-16 0.00000000e+00 2.93831739e-16 3.86051191e-17
 2.57109915e-16 2.78806984e-17 0.00000000e+00 0.00000000e+00
 0.00000000e+00 1.38097413e-02 6.10980425e-16 0.00000000e+00
 0.00000000e+00 9.20346742e-17 1.46169865e-16 1.53244848e-16
 0.00000000e+00 0.00000000e+00 1.38391774e-16 4.64564317e-16
 0.00000000e+00 0.00000000e+00 0.00000000e+00 0.00000000e+00
 0.00000000e+00 0.00000000e+00 6.27749683e-16 3.84382035e-16
 0.00000000e+00 5.11627537e-17 4.28908068e-17 6.11895170e-16
 1.03962659e-16 2.96690326e-16 3.81025795e-16 0.00000000e+00
 0.00000000e+00 0.00000000e+00 0.00000000e+00 2.47442814e-18
 2.39435197e-16 8.97470265e-16 0.00000000e+00 2.96806821e-16
 1.23201154e-01 1.69344587e-16 0.00000000e+00 0.00000000e+00
 0.00000000e+00 0.00000000e+00 3.47740465e-16 1.62759479e-16
 4.38965568e-16 4.48450361e-16 0.00000000e+00 0.00000000e+00
 0.00000000e+00 0.00000000e+00 7.63217804e-17 0.00000000e+00
 2.70654732e-16 0.00000000e+00 0.00000000e+00 0.00000000e+00
 3.92301119e-16 6.12286558e-17 2.72868034e-17 1.26444440e-16
 0.00000000e+00 0.00000000e+00 0.00000000e+00 6.41843237e-16
 1.28951387e-16 1.72234902e-17 0.00000000e+00 1.23602101e-16
 1.89949722e-16 1.29255899e-16 0.00000000e+00 0.00000000e+00
 0.00000000e+00 0.00000000e+00 1.60653814e-16 9.73055373e-17
 0.00000000e+00 0.00000000e+00 3.75692635e-16 1.56066965e-16
 3.46343540e-16 0.00000000e+00 6.12787725e-17 1.62870584e-01
 0.00000000e+00 0.00000000e+00 1.41427096e-16 0.00000000e+00
 0.00000000e+00 8.20973322e-17 0.00000000e+00 1.21595204e-16
 3.09477401e-16 3.85084563e-17 0.00000000e+00 0.00000000e+00
 0.00000000e+00 8.88281140e-18 0.00000000e+00 0.00000000e+00
 0.00000000e+00 1.30998545e-16 6.05300762e-17 2.14207061e-16
 0.00000000e+00 0.00000000e+00 0.00000000e+00 0.00000000e+00
 8.76797548e-17 0.00000000e+00 3.54122779e-16 3.08797405e-16
 0.00000000e+00 8.06286090e-17 1.50118472e-16 3.72003725e-16
 0.00000000e+00 6.37578357e-17 1.69233389e-16 6.57141480e-17
 0.00000000e+00 0.00000000e+00 0.00000000e+00 1.33991906e-16
 9.49835932e-17 0.00000000e+00 0.00000000e+00 2.03969802e-16
 0.00000000e+00 1.48825731e-16 4.69079814e-03 0.00000000e+00
 0.00000000e+00 0.00000000e+00 1.64849637e-16 6.80900306e-02
 1.18195646e-16 0.00000000e+00 2.80585949e-16 2.29730439e-16
 0.00000000e+00 0.00000000e+00 7.93374493e-02 1.80592113e-17
 0.00000000e+00 0.00000000e+00 1.03647237e-16 0.00000000e+00
 0.00000000e+00 2.46174548e-16 0.00000000e+00 0.00000000e+00
 0.00000000e+00 3.81186003e-17 0.00000000e+00 0.00000000e+00
 1.69132393e-16 1.80289796e-16 0.00000000e+00 0.00000000e+00
 3.10346217e-16 1.21049801e-16 5.86234922e-17 0.00000000e+00
 1.07609246e-16 0.00000000e+00 0.00000000e+00 1.89422992e-16
 0.00000000e+00 0.00000000e+00 0.00000000e+00 3.11016967e-17
 4.33130254e-17 1.37035331e-16 5.85038122e-17 0.00000000e+00
 2.98513914e-16 3.91849950e-16 0.00000000e+00 0.00000000e+00
 0.00000000e+00 5.61119379e-19 3.46272075e-02 1.22443796e-16
 1.37995710e-17 2.34856458e-16 0.00000000e+00 0.00000000e+00
 0.00000000e+00 2.11271334e-16 0.00000000e+00 8.34547878e-17
 0.00000000e+00 2.09525967e-16 4.79780176e-16 2.13546696e-18
 1.49605723e-16 7.98935660e-17 0.00000000e+00 0.00000000e+00
 1.88923476e-16 1.33895246e-16 7.78447377e-17 1.57457702e-16
 0.00000000e+00 0.00000000e+00 6.51014280e-17 0.00000000e+00
 1.26132892e-16 1.89203921e-16 0.00000000e+00 1.87076284e-16
 2.19256358e-16 2.85146039e-16 1.03902266e-17 1.25210955e-16
 1.46346692e-16 0.00000000e+00 0.00000000e+00 4.61442838e-02
 4.54797375e-16 3.64566635e-17 7.09795716e-17 0.00000000e+00
 0.00000000e+00 0.00000000e+00 1.55979023e-16 0.00000000e+00
 0.00000000e+00 0.00000000e+00 3.05796458e-17 0.00000000e+00
 2.16016858e-16 5.67173876e-16 1.19200990e-16 0.00000000e+00
 0.00000000e+00 0.00000000e+00 1.96719878e-16 3.21072947e-16
 0.00000000e+00 1.60590140e-16 0.00000000e+00 0.00000000e+00
 4.30665870e-16 0.00000000e+00 0.00000000e+00 2.26472263e-16
 0.00000000e+00 0.00000000e+00 1.54756230e-16 0.00000000e+00
 0.00000000e+00 0.00000000e+00 0.00000000e+00 0.00000000e+00
 0.00000000e+00 0.00000000e+00 5.74321779e-17 0.00000000e+00
 1.29835000e-02]",4.492222388457515
ESG <= 70,0,-0.015764156667028906,0.053839057799623266,"[6.48252857e-17 7.46533909e-17 1.41149144e-16 3.79797977e-16
 0.00000000e+00 1.16328594e-16 0.00000000e+00 0.00000000e+00
 5.07090088e-02 0.00000000e+00 2.00862348e-16 2.64714391e-16
 2.82821512e-16 8.75268423e-02 0.00000000e+00 1.55644581e-02
 1.02250943e-17 3.67290539e-02 0.00000000e+00 0.00000000e+00
 1.70943369e-16 2.68896399e-02 4.76943369e-17 2.02630443e-18
 0.00000000e+00 0.00000000e+00 0.00000000e+00 0.00000000e+00
 2.46625333e-16 1.59460522e-16 1.11822767e-17 4.61671843e-17
 0.00000000e+00 4.67002643e-16 3.93240868e-17 4.24170167e-17
 1.58569394e-16 7.29545671e-17 6.96279970e-17 2.52963722e-02
 0.00000000e+00 2.81650832e-17 3.00087725e-16 2.77147695e-17
 1.97011599e-02 3.08198340e-16 0.00000000e+00 4.50586970e-17
 4.00766498e-17 0.00000000e+00 6.13071734e-17 0.00000000e+00
 2.11105553e-16 1.22097590e-02 0.00000000e+00 5.19820952e-17
 8.33099368e-17 3.14031415e-02 0.00000000e+00 8.59610386e-17
 1.93997743e-16 0.00000000e+00 0.00000000e+00 8.57179504e-03
 0.00000000e+00 1.27562360e-16 4.91108010e-02 0.00000000e+00
 0.00000000e+00 0.00000000e+00 0.00000000e+00 1.01781954e-16
 1.53543796e-16 0.00000000e+00 0.00000000e+00 0.00000000e+00
 0.00000000e+00 1.70316898e-16 0.00000000e+00 2.25355641e-17
 0.00000000e+00 0.00000000e+00 0.00000000e+00 0.00000000e+00
 3.39624023e-17 1.36958966e-17 1.01158001e-16 0.00000000e+00
 3.52139593e-17 3.26369992e-17 0.00000000e+00 0.00000000e+00
 4.16655452e-17 0.00000000e+00 0.00000000e+00 1.24899607e-16
 3.14089063e-18 6.17210517e-17 3.06540396e-17 0.00000000e+00
 0.00000000e+00 9.52731760e-17 6.35204168e-17 2.19632335e-18
 0.00000000e+00 0.00000000e+00 1.30537778e-16 7.16209327e-17
 0.00000000e+00 0.00000000e+00 3.25093587e-17 1.73668612e-02
 0.00000000e+00 4.77904149e-17 0.00000000e+00 0.00000000e+00
 0.00000000e+00 8.20033815e-18 4.07817602e-17 1.58053399e-16
 0.00000000e+00 7.98567054e-17 1.14984929e-02 1.19987259e-16
 0.00000000e+00 5.55811096e-02 2.27580801e-17 7.31951738e-17
 5.14258546e-18 1.50888073e-16 0.00000000e+00 0.00000000e+00
 2.43430377e-16 7.19822623e-17 4.28558558e-17 3.46701755e-17
 2.52214634e-03 3.02348838e-17 0.00000000e+00 0.00000000e+00
 6.47438854e-18 0.00000000e+00 6.25252161e-02 0.00000000e+00
 0.00000000e+00 2.01862191e-17 1.85081279e-17 0.00000000e+00
 0.00000000e+00 0.00000000e+00 0.00000000e+00 0.00000000e+00
 0.00000000e+00 3.81967703e-16 1.21217739e-16 1.17632836e-02
 2.41009520e-16 1.66368055e-16 0.00000000e+00 0.00000000e+00
 0.00000000e+00 0.00000000e+00 1.20186890e-16 5.84505583e-17
 5.04250358e-17 0.00000000e+00 0.00000000e+00 8.11275779e-17
 0.00000000e+00 1.00045162e-16 0.00000000e+00 9.57827116e-17
 0.00000000e+00 0.00000000e+00 7.15656053e-17 0.00000000e+00
 0.00000000e+00 1.06783007e-01 1.08561406e-17 0.00000000e+00
 1.28812977e-02 2.08399659e-17 0.00000000e+00 7.72694117e-17
 1.00670502e-16 0.00000000e+00 0.00000000e+00 0.00000000e+00
 6.92034732e-17 0.00000000e+00 6.59170477e-17 2.17761750e-02
 4.65712537e-18 1.26193756e-16 1.28254445e-16 0.00000000e+00
 5.06382985e-17 0.00000000e+00 1.06947385e-16 0.00000000e+00
 0.00000000e+00 0.00000000e+00 0.00000000e+00 4.17599410e-17
 5.91766715e-17 0.00000000e+00 0.00000000e+00 5.13869568e-17
 1.67378244e-16 0.00000000e+00 0.00000000e+00 0.00000000e+00
 6.16098463e-17 4.63791334e-17 0.00000000e+00 7.12690223e-17
 2.04078801e-02 7.71483767e-17 9.33945927e-17 0.00000000e+00
 0.00000000e+00 4.29180680e-17 2.01343371e-16 0.00000000e+00
 0.00000000e+00 5.55348874e-17 0.00000000e+00 1.48009427e-17
 0.00000000e+00 6.36081104e-17 0.00000000e+00 0.00000000e+00
 0.00000000e+00 2.00322012e-16 0.00000000e+00 3.43926113e-17
 0.00000000e+00 0.00000000e+00 2.80130126e-17 4.82145728e-17
 0.00000000e+00 7.01321818e-17 1.14145148e-17 6.98486579e-17
 8.31593020e-17 2.90788619e-16 0.00000000e+00 4.04107269e-02
 0.00000000e+00 0.00000000e+00 3.43667013e-18 1.68155429e-16
 0.00000000e+00 1.24416996e-17 1.00796112e-16 4.58914011e-17
 7.67174278e-17 0.00000000e+00 2.72326277e-17 0.00000000e+00
 2.99933942e-16 1.16722594e-17 2.72771772e-01 0.00000000e+00
 0.00000000e+00 1.06310717e-16 2.50638743e-17 0.00000000e+00
 1.16134695e-16 0.00000000e+00 5.57609326e-18 3.08371410e-17]",-0.7292875891914968
ESG <= 70,1,0.18520590478783222,0.04669715582840703,"[0.00000000e+00 1.20723000e-16 0.00000000e+00 0.00000000e+00
 0.00000000e+00 0.00000000e+00 1.39460203e-16 3.28481205e-16
 0.00000000e+00 3.09303902e-16 2.91462181e-16 5.25353437e-16
 1.80691070e-17 3.52978393e-02 5.68938268e-18 0.00000000e+00
 1.94415521e-16 2.27921396e-16 1.55570195e-16 2.36302523e-16
 1.41541759e-16 1.25390209e-02 0.00000000e+00 0.00000000e+00
 7.36472539e-02 0.00000000e+00 4.70468789e-17 0.00000000e+00
 4.27220623e-17 6.14402907e-17 2.70798206e-16 1.73350430e-17
 1.91826455e-16 0.00000000e+00 9.45596841e-17 0.00000000e+00
 0.00000000e+00 3.23696860e-17 1.33738850e-16 1.85540008e-02
 0.00000000e+00 1.35733423e-16 0.00000000e+00 8.80472116e-17
 4.86138432e-02 3.05738572e-02 4.91935073e-17 0.00000000e+00
 4.52590720e-02 0.00000000e+00 9.32412884e-18 0.00000000e+00
 0.00000000e+00 0.00000000e+00 2.33533149e-17 1.25437598e-16
 0.00000000e+00 0.00000000e+00 0.00000000e+00 1.34676475e-16
 3.90936118e-16 0.00000000e+00 2.19399906e-02 1.52891905e-02
 0.00000000e+00 5.30714620e-17 8.58323935e-02 9.26076992e-03
 0.00000000e+00 0.00000000e+00 4.27799890e-17 6.96818897e-17
 9.78330491e-17 1.30047939e-16 7.27549511e-17 0.00000000e+00
 5.10635964e-17 0.00000000e+00 1.82747836e-16 0.00000000e+00
 0.00000000e+00 0.00000000e+00 0.00000000e+00 1.21806658e-16
 0.00000000e+00 2.62965928e-17 0.00000000e+00 0.00000000e+00
 1.76036250e-16 1.09822886e-16 0.00000000e+00 0.00000000e+00
 5.28958848e-17 1.47890151e-16 0.00000000e+00 4.22579625e-17
 0.00000000e+00 1.61900087e-16 1.15082422e-16 2.47521253e-17
 0.00000000e+00 0.00000000e+00 0.00000000e+00 1.73092165e-02
 1.14399587e-02 0.00000000e+00 7.19337259e-17 0.00000000e+00
 0.00000000e+00 0.00000000e+00 0.00000000e+00 7.03251092e-17
 2.69274078e-17 4.22304987e-17 2.47334558e-17 1.13112751e-16
 0.00000000e+00 9.15200336e-17 0.00000000e+00 2.43880799e-17
 0.00000000e+00 1.60413127e-15 8.74439949e-17 0.00000000e+00
 1.35972290e-16 7.47527738e-17 0.00000000e+00 6.05904655e-17
 4.37114647e-16 9.44922864e-18 6.27287484e-17 9.33968772e-17
 1.44860857e-16 1.01403552e-16 0.00000000e+00 0.00000000e+00
 1.38885651e-16 4.90322191e-17 5.82385443e-17 1.04509989e-16
 0.00000000e+00 0.00000000e+00 7.59480450e-02 0.00000000e+00
 0.00000000e+00 4.16399450e-17 6.72461745e-18 0.00000000e+00
 7.75550031e-17 2.69576673e-02 0.00000000e+00 2.11198300e-16
 7.70822410e-17 4.56227281e-17 0.00000000e+00 0.00000000e+00
 0.00000000e+00 0.00000000e+00 1.10584888e-16 7.76793017e-18
 0.00000000e+00 7.57843402e-17 0.00000000e+00 0.00000000e+00
 7.01781249e-18 1.52684189e-16 0.00000000e+00 8.68123076e-18
 1.62801244e-02 0.00000000e+00 6.94901626e-02 0.00000000e+00
 0.00000000e+00 2.75320633e-18 2.49082033e-02 0.00000000e+00
 0.00000000e+00 0.00000000e+00 9.11031524e-17 0.00000000e+00
 1.09472072e-17 1.15846757e-16 0.00000000e+00 2.88555437e-02
 0.00000000e+00 0.00000000e+00 0.00000000e+00 0.00000000e+00
 1.06491827e-16 0.00000000e+00 5.60839687e-17 0.00000000e+00
 1.99965742e-17 0.00000000e+00 3.82304146e-02 0.00000000e+00
 3.92611461e-02 1.54443637e-16 1.93407678e-16 1.90216368e-17
 3.33430067e-18 4.52402333e-17 1.64610087e-16 0.00000000e+00
 6.04302890e-17 3.53750577e-02 0.00000000e+00 2.18676612e-16
 0.00000000e+00 0.00000000e+00 1.45514671e-17 0.00000000e+00
 4.99598113e-17 2.24385205e-16 0.00000000e+00 3.14105006e-16
 1.12811605e-17 0.00000000e+00 8.14369731e-17 0.00000000e+00
 0.00000000e+00 0.00000000e+00 2.74228253e-18 0.00000000e+00
 0.00000000e+00 0.00000000e+00 7.66888471e-17 8.20832893e-18
 2.30560945e-02 7.06529580e-02 7.78518101e-17 9.18467331e-17
 0.00000000e+00 2.00849096e-16 0.00000000e+00 8.42715700e-17
 0.00000000e+00 0.00000000e+00 2.97089907e-17 6.74637287e-17
 0.00000000e+00 0.00000000e+00 1.04106587e-16 1.36892330e-17
 3.73585370e-18 2.74904950e-17 0.00000000e+00 0.00000000e+00
 0.00000000e+00 2.16394269e-19 0.00000000e+00 5.54612814e-02
 3.97114256e-17 0.00000000e+00 3.02118281e-17 0.00000000e+00
 1.48265804e-17 6.76248302e-17 4.84688830e-18 0.00000000e+00
 2.29986327e-17 8.44813780e-17 6.99668944e-02 1.21490770e-16
 4.19232802e-17 0.00000000e+00 4.79080745e-17 0.00000000e+00
 9.02014974e-17 6.30097238e-18 2.62142526e-16 0.00000000e+00]",3.4628641063716037
ESG <= 70,2,0.3861759662426934,0.08637457020559687,"[1.71990739e-17 5.60628057e-17 3.11472879e-16 0.00000000e+00
 0.00000000e+00 2.68793567e-16 0.00000000e+00 0.00000000e+00
 0.00000000e+00 2.16397214e-16 0.00000000e+00 1.09040420e-17
 0.00000000e+00 0.00000000e+00 0.00000000e+00 0.00000000e+00
 9.65206457e-17 0.00000000e+00 0.00000000e+00 0.00000000e+00
 1.08881216e-17 0.00000000e+00 4.74483476e-16 0.00000000e+00
 8.49603100e-02 2.55336529e-16 1.20713610e-16 0.00000000e+00
 7.28303458e-16 0.00000000e+00 4.32454120e-17 0.00000000e+00
 0.00000000e+00 1.15715007e-16 2.01615791e-17 0.00000000e+00
 0.00000000e+00 0.00000000e+00 0.00000000e+00 0.00000000e+00
 0.00000000e+00 3.83540317e-17 3.83930360e-17 0.00000000e+00
 1.02570337e-16 8.73824992e-02 0.00000000e+00 4.90666649e-17
 2.85976771e-02 6.50360704e-17 0.00000000e+00 0.00000000e+00
 1.65554987e-16 0.00000000e+00 0.00000000e+00 2.21251613e-17
 9.99918126e-18 1.79223798e-16 2.03562237e-16 8.77955406e-17
 4.71947314e-17 7.55195649e-17 3.27440561e-02 0.00000000e+00
 9.29907218e-17 2.51254007e-16 0.00000000e+00 1.14447760e-01
 0.00000000e+00 1.94553433e-16 4.34109211e-17 1.23754275e-16
 9.13285246e-18 3.39398313e-16 0.00000000e+00 3.92390519e-16
 3.78256781e-16 2.02112204e-17 0.00000000e+00 1.51362781e-16
 6.49706145e-03 0.00000000e+00 0.00000000e+00 0.00000000e+00
 2.88655589e-16 0.00000000e+00 4.39291242e-17 0.00000000e+00
 0.00000000e+00 8.53361747e-17 5.95457911e-17 5.42749412e-17
 2.82304409e-16 1.83900627e-16 0.00000000e+00 8.83673490e-17
 1.13211961e-16 0.00000000e+00 1.85514429e-16 0.00000000e+00
 7.14115851e-17 0.00000000e+00 0.00000000e+00 3.53171575e-02
 2.46397824e-02 0.00000000e+00 8.06499374e-17 6.22965560e-17
 3.31108436e-16 1.14285099e-16 3.14542366e-16 0.00000000e+00
 1.55818660e-16 0.00000000e+00 1.95880139e-16 0.00000000e+00
 3.40468848e-16 0.00000000e+00 0.00000000e+00 4.23642060e-17
 2.21482266e-16 2.86325448e-19 0.00000000e+00 0.00000000e+00
 1.55443494e-16 0.00000000e+00 0.00000000e+00 1.16366137e-17
 3.76017174e-16 2.68021928e-03 3.28466801e-17 0.00000000e+00
 9.67404215e-18 5.98139884e-17 1.94265462e-18 0.00000000e+00
 1.30995919e-16 1.21829284e-16 8.26936219e-17 0.00000000e+00
 0.00000000e+00 0.00000000e+00 0.00000000e+00 0.00000000e+00
 1.96436581e-18 2.01689765e-16 9.97133763e-17 9.19820369e-17
 0.00000000e+00 0.00000000e+00 1.41477697e-16 2.38823169e-16
 1.28434551e-16 1.33527180e-17 2.66428162e-16 2.14510497e-16
 0.00000000e+00 2.16745306e-02 0.00000000e+00 0.00000000e+00
 1.48614413e-16 0.00000000e+00 9.02430128e-17 0.00000000e+00
 0.00000000e+00 0.00000000e+00 0.00000000e+00 1.46065833e-16
 0.00000000e+00 0.00000000e+00 6.70111367e-17 0.00000000e+00
 3.03709777e-17 0.00000000e+00 1.33168558e-01 5.44797124e-17
 0.00000000e+00 0.00000000e+00 1.31759612e-16 0.00000000e+00
 7.06115404e-17 1.68728317e-16 0.00000000e+00 3.97998086e-02
 1.51117075e-16 8.04077433e-17 6.18853728e-17 1.70126817e-16
 2.61223690e-16 1.07394942e-16 0.00000000e+00 0.00000000e+00
 0.00000000e+00 6.76760057e-17 0.00000000e+00 7.66175107e-17
 4.04175632e-03 1.05937931e-16 4.27200551e-17 0.00000000e+00
 0.00000000e+00 1.06863672e-16 6.56462796e-17 0.00000000e+00
 0.00000000e+00 1.70192041e-01 0.00000000e+00 6.79698228e-17
 0.00000000e+00 0.00000000e+00 0.00000000e+00 2.34046772e-17
 0.00000000e+00 0.00000000e+00 0.00000000e+00 4.96504616e-17
 0.00000000e+00 0.00000000e+00 9.83404587e-17 0.00000000e+00
 0.00000000e+00 2.15749264e-17 9.38357670e-18 0.00000000e+00
 0.00000000e+00 0.00000000e+00 5.08804922e-17 4.40909620e-17
 0.00000000e+00 6.02632812e-02 0.00000000e+00 1.42569677e-16
 0.00000000e+00 0.00000000e+00 1.40674738e-16 3.01565505e-17
 0.00000000e+00 2.06664918e-17 0.00000000e+00 3.51782113e-17
 0.00000000e+00 0.00000000e+00 2.64855533e-17 0.00000000e+00
 2.46208037e-17 6.20565709e-18 1.84831069e-16 0.00000000e+00
 0.00000000e+00 9.12678927e-18 0.00000000e+00 1.17785830e-01
 0.00000000e+00 0.00000000e+00 0.00000000e+00 0.00000000e+00
 1.37930600e-18 4.39273530e-17 1.63757525e-17 0.00000000e+00
 0.00000000e+00 2.61991975e-17 9.74211112e-17 8.13017083e-18
 1.66725114e-17 0.00000000e+00 0.00000000e+00 0.00000000e+00
 4.86378581e-17 0.00000000e+00 5.98925668e-17 3.58076714e-02]",4.198874337428458
ESG <= 55,0,-0.06250421088455813,0.11089551891532229,"[2.77550782e-16 0.00000000e+00 1.55452895e-16 0.00000000e+00
 3.93271367e-17 9.01790778e-17 6.43835574e-02 0.00000000e+00
 0.00000000e+00 5.29713384e-16 0.00000000e+00 0.00000000e+00
 9.10780951e-18 6.13664860e-17 4.90439043e-17 0.00000000e+00
 3.41992511e-16 9.91665572e-17 0.00000000e+00 1.89739470e-16
 0.00000000e+00 1.98847480e-02 0.00000000e+00 0.00000000e+00
 4.82968601e-17 0.00000000e+00 1.38954784e-02 0.00000000e+00
 0.00000000e+00 2.47203674e-17 0.00000000e+00 0.00000000e+00
 0.00000000e+00 0.00000000e+00 0.00000000e+00 1.39056446e-02
 5.27614754e-18 0.00000000e+00 3.95728078e-18 0.00000000e+00
 0.00000000e+00 2.35118743e-17 1.40537868e-01 6.02308375e-17
 1.18079699e-16 3.93121619e-17 4.30639633e-17 0.00000000e+00
 0.00000000e+00 0.00000000e+00 6.09952653e-18 4.79459699e-17
 0.00000000e+00 4.88345118e-03 3.76558080e-17 1.03499174e-16
 1.46026639e-01 2.26944764e-17 0.00000000e+00 1.23827731e-01
 0.00000000e+00 0.00000000e+00 0.00000000e+00 0.00000000e+00
 9.01126743e-17 1.49637728e-18 6.31750642e-02 0.00000000e+00
 1.38457287e-01 0.00000000e+00 0.00000000e+00 2.33654445e-17
 1.33679186e-16 0.00000000e+00 0.00000000e+00 4.63477795e-17
 1.31160371e-18 1.98144229e-16 5.47225216e-17 1.31468937e-17
 0.00000000e+00 2.53569061e-03 7.08114011e-02 0.00000000e+00
 4.60967748e-17 0.00000000e+00 0.00000000e+00 0.00000000e+00
 0.00000000e+00 3.93428103e-03 1.46636435e-01 4.71047227e-02
 5.78854880e-18 0.00000000e+00 8.71400054e-17 2.65510016e-17
 1.00187420e-16]",-0.7755427065563334
ESG <= 55,1,0.08682662860861853,0.05726534103676862,"[6.45512277e-17 0.00000000e+00 7.15449117e-17 0.00000000e+00
 1.34206023e-17 0.00000000e+00 2.63380586e-01 3.77175263e-18
 1.14432628e-02 5.23867558e-02 4.59865736e-18 0.00000000e+00
 0.00000000e+00 8.15270601e-17 4.23914693e-17 0.00000000e+00
 0.00000000e+00 0.00000000e+00 0.00000000e+00 1.33592868e-02
 1.18590461e-16 8.62454288e-02 0.00000000e+00 0.00000000e+00
 4.84668462e-02 2.95251785e-02 1.08532115e-16 0.00000000e+00
 0.00000000e+00 5.39351907e-03 0.00000000e+00 0.00000000e+00
 1.40823169e-17 8.53205994e-18 0.00000000e+00 0.00000000e+00
 7.12413385e-17 0.00000000e+00 1.87986606e-01 1.48754484e-16
 2.12974544e-17 2.37288663e-02 0.00000000e+00 2.46347300e-02
 3.76897231e-16 1.33629398e-17 0.00000000e+00 5.59517866e-18
 0.00000000e+00 0.00000000e+00 6.82398047e-17 1.87902365e-16
 0.00000000e+00 1.52083872e-16 1.13181253e-16 0.00000000e+00
 6.75704948e-02 0.00000000e+00 0.00000000e+00 9.41706021e-17
 2.77452533e-17 0.00000000e+00 0.00000000e+00 0.00000000e+00
 0.00000000e+00 0.00000000e+00 0.00000000e+00 0.00000000e+00
 6.42989652e-17 2.35151124e-02 0.00000000e+00 6.65286231e-18
 0.00000000e+00 4.94281619e-17 4.60123985e-17 8.42628648e-04
 0.00000000e+00 2.16433371e-16 0.00000000e+00 0.00000000e+00
 4.22820000e-17 5.56158549e-03 4.03720029e-17 0.00000000e+00
 3.63679972e-17 9.59549701e-17 1.92856495e-17 1.41323657e-18
 0.00000000e+00 0.00000000e+00 1.54325537e-01 2.89821729e-18
 1.37452381e-16 1.63357471e-03 9.72314749e-17 1.93155939e-17
 0.00000000e+00]",1.1058456557162233
ESG <= 55,2,0.2361574681017952,0.0728356776814796,"[4.75710639e-17 6.21003098e-02 8.08686163e-18 1.29475061e-16
 0.00000000e+00 1.28518625e-16 0.00000000e+00 1.49652405e-02
 7.14587790e-02 1.03471133e-01 0.00000000e+00 0.00000000e+00
 2.19552521e-18 4.37009201e-17 6.22339050e-17 1.84876099e-16
 5.54841226e-17 4.79345272e-17 0.00000000e+00 3.24897458e-17
 4.87180479e-02 3.25074737e-17 0.00000000e+00 0.00000000e+00
 4.98935174e-02 1.74894197e-02 0.00000000e+00 0.00000000e+00
 1.00026542e-01 3.45832236e-02 9.56048522e-17 0.00000000e+00
 0.00000000e+00 0.00000000e+00 0.00000000e+00 0.00000000e+00
 9.21289282e-18 0.00000000e+00 2.34132017e-17 1.56282478e-16
 0.00000000e+00 1.15934509e-01 0.00000000e+00 4.31926198e-02
 0.00000000e+00 1.38835718e-17 9.47643720e-17 3.39266501e-17
 0.00000000e+00 0.00000000e+00 5.50723409e-17 0.00000000e+00
 0.00000000e+00 4.70718434e-17 2.92516375e-18 1.42063410e-16
 1.91255998e-02 1.60160193e-16 5.50709009e-17 3.22327755e-18
 0.00000000e+00 0.00000000e+00 1.17844186e-16 0.00000000e+00
 0.00000000e+00 4.55837757e-02 0.00000000e+00 0.00000000e+00
 0.00000000e+00 6.87260002e-02 1.32472046e-02 0.00000000e+00
 0.00000000e+00 5.15306576e-17 6.03004569e-18 1.70025542e-01
 4.89549557e-17 5.68728937e-17 0.00000000e+00 1.46926406e-17
 3.27445682e-17 6.19631901e-18 0.00000000e+00 0.00000000e+00
 0.00000000e+00 0.00000000e+00 4.56123415e-17 5.66410512e-17
 0.00000000e+00 0.00000000e+00 2.03144652e-02 2.10783697e-17
 4.86403243e-17 0.00000000e+00 2.84967801e-17 1.14407070e-03
 0.00000000e+00]",2.9196881922589566
